mysql: [Warning] C:\Program Files (x86)\MySQL\MySQL Server 5.7\bin\mysql.exe: ignoring option '--no-beep' due to invalid value ''
Enter password: ****
Welcome to the MySQL monitor.  Commands end with ; or \g.
Your MySQL connection id is 5
Server version: 5.7.14-log MySQL Community Server (GPL)

Copyright (c) 2000, 2016, Oracle and/or its affiliates. All rights reserved.

Oracle is a registered trademark of Oracle Corporation and/or its
affiliates. Other names may be trademarks of their respective
owners.

Type 'help;' or '\h' for help. Type '\c' to clear the current input statement.

mysql> CREATE DATABASE PAKU_HARDWARE;
Query OK, 1 row affected (0.00 sec)

mysql> USE PAKU_HARDWARE;
Database changed
mysql> CREATE TABLE PRODUCT(
    -> P_CODE VARCHAR(10),
    -> P_DESCRIPT VARCHAR(50),
    -> P_INDATE DATE,
    -> P_QOH INT,
    -> P_MIN INT,
    -> P_PRICE VARCHAR(10),
    -> P_DISCOUNT VARCHAR(10),
    -> V_CODE INT,
    -> PRIMARY KEY(P_CODE));
Query OK, 0 rows affected (0.38 sec)

mysql> DESC PRODUCT;
+------------+-------------+------+-----+---------+-------+
| Field      | Type        | Null | Key | Default | Extra |
+------------+-------------+------+-----+---------+-------+
| P_CODE     | varchar(10) | NO   | PRI | NULL    |       |
| P_DESCRIPT | varchar(50) | YES  |     | NULL    |       |
| P_INDATE   | date        | YES  |     | NULL    |       |
| P_QOH      | int(11)     | YES  |     | NULL    |       |
| P_MIN      | int(11)     | YES  |     | NULL    |       |
| P_PRICE    | varchar(10) | YES  |     | NULL    |       |
| P_DISCOUNT | varchar(10) | YES  |     | NULL    |       |
| V_CODE     | int(11)     | YES  |     | NULL    |       |
+------------+-------------+------+-----+---------+-------+
8 rows in set (0.00 sec)

mysql> INSERT INTO PRODUCT VALUES
    -> ('11QER/31','POWER PAINTER, 15 PSI., 3-NOZZLE','2005-11-03',8,5,'109.99','0.00',25595);
Query OK, 1 row affected (0.11 sec)

mysql> INSERT INTO PRODUCT VALUES
    -> ('13-Q2/P2','7.25-IN. PWR. SAW BLADE','2005-12-13',32,15,'14.99','0.05',21344);
Query OK, 1 row affected (0.07 sec)

mysql> INSERT INTO PRODUCT VALUES
    -> ('14-Q1/L3','9.00-IN. PWR. SAW BLADE','2005-11-13',18,12,'17.49','0.00',21344);
Query OK, 1 row affected (0.05 sec)

mysql> INSERT INTO PRODUCT VALUES
    -> ('1546-QQ2','HRD. CLOTH, 1/4-IN., 2X50','2006-01-15',15,08,'39.95','0.00',23119);
Query OK, 1 row affected (0.04 sec)

mysql> INSERT INTO PRODUCT VALUES
    -> ('1558-QW1','HRD. CLOTH, 1/2-IN., 3X50','2006-01-15',23,5,'43.99','0.00',23119);
Query OK, 1 row affected (0.06 sec)

mysql> INSERT INTO PRODUCT VALUES
    -> ('2332/QTY','B&D JIGSAW, 12-IN. BLADE','2005-12-30',8,5,'109.92','0.05',24288);
Query OK, 1 row affected (0.07 sec)

mysql> INSERT INTO PRODUCT VALUES
    -> ('2332/QWE','B&D JIGSAW, 8-IN. BLADE','2005-12-24',6,5,'99.87','0.05',24288);
Query OK, 1 row affected (0.06 sec)

mysql> INSERT INTO PRODUCT VALUES
    -> ('2238/QPD','B&D CORDLESS DRILL, 1/2-IN.','2006-01-20',12,5,'38.95','0.05',25595);
Query OK, 1 row affected (0.18 sec)

mysql> INSERT INTO PRODUCT VALUES
    -> ('23109-HB','CLAW HAMMER','2006-01-20',23,10,'9.95','0.10',21225);
Query OK, 1 row affected (0.08 sec)

mysql> INSERT INTO PRODUCT VALUES
    -> ('23114-AA','SLEDGE HAMMER, 12IB','2006-01-02',8,5,'14.40','0.05',0);
Query OK, 1 row affected (0.07 sec)

mysql> SELECT * FROM PRODUCT;
+----------+----------------------------------+------------+-------+-------+---------+------------+--------+
| P_CODE   | P_DESCRIPT                       | P_INDATE   | P_QOH | P_MIN | P_PRICE | P_DISCOUNT | V_CODE |
+----------+----------------------------------+------------+-------+-------+---------+------------+--------+
| 11QER/31 | POWER PAINTER, 15 PSI., 3-NOZZLE | 2005-11-03 |     8 |     5 | 109.99  | 0.00       |  25595 |
| 13-Q2/P2 | 7.25-IN. PWR. SAW BLADE          | 2005-12-13 |    32 |    15 | 14.99   | 0.05       |  21344 |
| 14-Q1/L3 | 9.00-IN. PWR. SAW BLADE          | 2005-11-13 |    18 |    12 | 17.49   | 0.00       |  21344 |
| 1546-QQ2 | HRD. CLOTH, 1/4-IN., 2X50        | 2006-01-15 |    15 |     8 | 39.95   | 0.00       |  23119 |
| 1558-QW1 | HRD. CLOTH, 1/2-IN., 3X50        | 2006-01-15 |    23 |     5 | 43.99   | 0.00       |  23119 |
| 2238/QPD | B&D CORDLESS DRILL, 1/2-IN.      | 2006-01-20 |    12 |     5 | 38.95   | 0.05       |  25595 |
| 23109-HB | CLAW HAMMER                      | 2006-01-20 |    23 |    10 | 9.95    | 0.10       |  21225 |
| 23114-AA | SLEDGE HAMMER, 12IB              | 2006-01-02 |     8 |     5 | 14.40   | 0.05       |      0 |
| 2332/QTY | B&D JIGSAW, 12-IN. BLADE         | 2005-12-30 |     8 |     5 | 109.92  | 0.05       |  24288 |
| 2332/QWE | B&D JIGSAW, 8-IN. BLADE          | 2005-12-24 |     6 |     5 | 99.87   | 0.05       |  24288 |
+----------+----------------------------------+------------+-------+-------+---------+------------+--------+
10 rows in set (0.02 sec)

mysql> SELECT * FROM PRODUCT WHERE P_CODE = '23109-HB';
+----------+-------------+------------+-------+-------+---------+------------+--------+
| P_CODE   | P_DESCRIPT  | P_INDATE   | P_QOH | P_MIN | P_PRICE | P_DISCOUNT | V_CODE |
+----------+-------------+------------+-------+-------+---------+------------+--------+
| 23109-HB | CLAW HAMMER | 2006-01-20 |    23 |    10 | 9.95    | 0.10       |  21225 |
+----------+-------------+------------+-------+-------+---------+------------+--------+
1 row in set (0.02 sec)

mysql>