mysql: [Warning] C:\Program Files (x86)\MySQL\MySQL Server 5.7\bin\mysql.exe: ignoring option '--no-beep' due to invalid value ''
Enter password: ****
Welcome to the MySQL monitor.  Commands end with ; or \g.
Your MySQL connection id is 15
Server version: 5.7.14-log MySQL Community Server (GPL)

Copyright (c) 2000, 2016, Oracle and/or its affiliates. All rights reserved.

Oracle is a registered trademark of Oracle Corporation and/or its
affiliates. Other names may be trademarks of their respective
owners.

Type 'help;' or '\h' for help. Type '\c' to clear the current input statement.

mysql> CREATE DATABASE OFFICE;
Query OK, 1 row affected (0.00 sec)

mysql> USE OFFICE;
Database changed
mysql> CREATE TABLE DEPARTMENT(
    -> DNAME VARCHAR(20),
    -> DNUMBER INT,
    -> MGR_SSN BIGINT,
    -> MGR_START_DATE DATE,
    -> PRIMARY KEY (DNUMBER));
Query OK, 0 rows affected (0.35 sec)

mysql> CREATE TABLE DEPT_LOCATIONS(
    -> DNUMBER INT,
    -> DLOCATION VARCHAR(15),
    -> FOREIGN KEY (DNUMBER) REFERENCES DEPARTMENT (DNUMBER));
Query OK, 0 rows affected (0.37 sec)

mysql> CREATE TABLE EMPLOYEE(
    -> FNAME VARCHAR(20),
    -> MINIT VARCHAR(1),
    -> LNAME VARCHAR(20),
    -> SSN BIGINT,
    -> BDATE DATE,
    -> ADDRESS VARCHAR(50),
    -> SEX VARCHAR(1),
    -> SALARY INT,
    -> SUPER_SSN BIGINT,
    -> DNO INT,
    -> PRIMARY KEY (SSN),
    -> FOREIGN KEY (DNO) REFERENCES DEPARTMENT (DNUMBER));
Query OK, 0 rows affected (0.34 sec)

mysql> DESC DEPARTMENT;
+----------------+-------------+------+-----+---------+-------+
| Field          | Type        | Null | Key | Default | Extra |
+----------------+-------------+------+-----+---------+-------+
| DNAME          | varchar(20) | YES  |     | NULL    |       |
| DNUMBER        | int(11)     | NO   | PRI | NULL    |       |
| MGR_SSN        | bigint(20)  | YES  |     | NULL    |       |
| MGR_START_DATE | date        | YES  |     | NULL    |       |
+----------------+-------------+------+-----+---------+-------+
4 rows in set (0.03 sec)

mysql> DESC DEPT_LOCATIONS;
+-----------+-------------+------+-----+---------+-------+
| Field     | Type        | Null | Key | Default | Extra |
+-----------+-------------+------+-----+---------+-------+
| DNUMBER   | int(11)     | YES  | MUL | NULL    |       |
| DLOCATION | varchar(15) | YES  |     | NULL    |       |
+-----------+-------------+------+-----+---------+-------+
2 rows in set (0.00 sec)

mysql> DESC EMPLOYEE;
+-----------+-------------+------+-----+---------+-------+
| Field     | Type        | Null | Key | Default | Extra |
+-----------+-------------+------+-----+---------+-------+
| FNAME     | varchar(20) | YES  |     | NULL    |       |
| MINIT     | varchar(1)  | YES  |     | NULL    |       |
| LNAME     | varchar(20) | YES  |     | NULL    |       |
| SSN       | bigint(20)  | NO   | PRI | NULL    |       |
| BDATE     | date        | YES  |     | NULL    |       |
| ADDRESS   | varchar(50) | YES  |     | NULL    |       |
| SEX       | varchar(1)  | YES  |     | NULL    |       |
| SALARY    | int(11)     | YES  |     | NULL    |       |
| SUPER_SSN | bigint(20)  | YES  |     | NULL    |       |
| DNO       | int(11)     | YES  | MUL | NULL    |       |
+-----------+-------------+------+-----+---------+-------+
10 rows in set (0.00 sec)

mysql> INSERT INTO DEPARTMENT VALUES
    -> ('RESEARCH', 5, 333445555, '1988-05-22');
Query OK, 1 row affected (0.06 sec)

mysql> INSERT INTO DEPARTMENT VALUES
    -> ('ADMINISTRATION', 4, 987654321, '1995-01-01');
Query OK, 1 row affected (0.07 sec)

mysql> INSERT INTO DEPARTMENT VALUES
    -> ('HEADQUARTERS', 1, 888665555, '1981-06-19');
Query OK, 1 row affected (0.03 sec)

mysql> INSERT INTO DEPT_LOCATIONS VALUES
    -> (1, 'HOUSTON');
Query OK, 1 row affected (0.06 sec)

mysql> INSERT INTO DEPT_LOCATIONS VALUES
    -> (4, 'STAFFORD');
Query OK, 1 row affected (0.04 sec)

mysql> INSERT INTO DEPT_LOCATIONS VALUES
    -> (5, 'BELLAIRE');
Query OK, 1 row affected (0.04 sec)

mysql> INSERT INTO DEPT_LOCATIONS VALUES
    -> (5, 'SUGARLAND');
Query OK, 1 row affected (0.09 sec)

mysql> INSERT INTO DEPT_LOCATIONS VALUES
    -> (5, 'HOUSTON');
Query OK, 1 row affected (0.07 sec)

mysql> INSERT INTO EMPLOYEE VALUES
    -> ('JOHN', 'B', 'SMITH', 123456789, '1965-01-09', '731 FONDREN, HOUSTON, TX', 'M', 30000, 333445555, 5);
Query OK, 1 row affected (0.11 sec)

mysql> INSERT INTO EMPLOYEE VALUES
    -> ('FRANKLIN', 'B', 'SMITH', 333445555, '1955-12-08', '638 VOSS, HOUSTON, TX', 'M', 40000, 888665555, 5);
Query OK, 1 row affected (0.07 sec)

mysql> INSERT INTO EMPLOYEE VALUES
    -> ('ALICIA', 'J', 'ZELAYA', 999887777, '1968-01-19', '3321 CASTLE, SPRING, TX', 'F', 25000, 987654321, 4);
Query OK, 1 row affected (0.07 sec)

mysql> INSERT INTO EMPLOYEE VALUES
    -> ('JENNIFER', 'S', 'WALLACE', 987654321, '1941-06-20', '291 BERRY, BELLAIRE, TX', 'F', 43000, 888665555, 4);
Query OK, 1 row affected (0.06 sec)

mysql> INSERT INTO EMPLOYEE VALUES
    -> ('RAMESH', 'K', 'NARAYAN', 666884444, '1962-09-15', '975 FIRE OAK, HUMBLE, TX', 'M', 38000, 333445555, 5)
    -> ;
Query OK, 1 row affected (0.11 sec)

mysql> INSERT INTO EMPLOYEE VALUES
    -> ('JOYCE', 'A', 'ENGLISH', 453453453, '1972-07-31', '5631 RICE, HOUSTON, TX', 'F', 25000, 333445555, 5);
Query OK, 1 row affected (0.04 sec)

mysql> INSERT INTO EMPLOYEE VALUES
    -> ('AHMAD', 'V', 'JABBAR', 987987987, '1969-03-29', '980 DALLAS, HOUSTON, TX', 'M', 25000, 987654321, 4);
Query OK, 1 row affected (0.05 sec)

mysql> INSERT INTO EMPLOYEE VALUES
    -> ('JAMES', 'E', 'BORG', 888665555, '1937-11-10', '450 STONE, HOUSTON, TX', 'M', 55000, 0, 1);
Query OK, 1 row affected (0.05 sec)

mysql> SELECT * FROM DEPARTMENT;
+----------------+---------+-----------+----------------+
| DNAME          | DNUMBER | MGR_SSN   | MGR_START_DATE |
+----------------+---------+-----------+----------------+
| HEADQUARTERS   |       1 | 888665555 | 1981-06-19     |
| ADMINISTRATION |       4 | 987654321 | 1995-01-01     |
| RESEARCH       |       5 | 333445555 | 1988-05-22     |
+----------------+---------+-----------+----------------+
3 rows in set (0.00 sec)

mysql> SELECT * FROM DEPT_LOCATIONS;
+---------+-----------+
| DNUMBER | DLOCATION |
+---------+-----------+
|       1 | HOUSTON   |
|       4 | STAFFORD  |
|       5 | BELLAIRE  |
|       5 | SUGARLAND |
|       5 | HOUSTON   |
+---------+-----------+
5 rows in set (0.00 sec)

mysql> SELECT * FROM EMPLOYEE;
+----------+-------+---------+-----------+------------+--------------------------+------+--------+-----------+------+
| FNAME    | MINIT | LNAME   | SSN       | BDATE      | ADDRESS                  | SEX  | SALARY | SUPER_SSN | DNO  |
+----------+-------+---------+-----------+------------+--------------------------+------+--------+-----------+------+
| JOHN     | B     | SMITH   | 123456789 | 1965-01-09 | 731 FONDREN, HOUSTON, TX | M    |  30000 | 333445555 |    5 |
| FRANKLIN | B     | SMITH   | 333445555 | 1955-12-08 | 638 VOSS, HOUSTON, TX    | M    |  40000 | 888665555 |    5 |
| JOYCE    | A     | ENGLISH | 453453453 | 1972-07-31 | 5631 RICE, HOUSTON, TX   | F    |  25000 | 333445555 |    5 |
| RAMESH   | K     | NARAYAN | 666884444 | 1962-09-15 | 975 FIRE OAK, HUMBLE, TX | M    |  38000 | 333445555 |    5 |
| JAMES    | E     | BORG    | 888665555 | 1937-11-10 | 450 STONE, HOUSTON, TX   | M    |  55000 |         0 |    1 |
| JENNIFER | S     | WALLACE | 987654321 | 1941-06-20 | 291 BERRY, BELLAIRE, TX  | F    |  43000 | 888665555 |    4 |
| AHMAD    | V     | JABBAR  | 987987987 | 1969-03-29 | 980 DALLAS, HOUSTON, TX  | M    |  25000 | 987654321 |    4 |
| ALICIA   | J     | ZELAYA  | 999887777 | 1968-01-19 | 3321 CASTLE, SPRING, TX  | F    |  25000 | 987654321 |    4 |
+----------+-------+---------+-----------+------------+--------------------------+------+--------+-----------+------+
8 rows in set (0.00 sec)

mysql> SELECT C.FNAME, C.LNAME, A.DNAME
    -> FROM EMPLOYEE C, DEPARTMENT A
    -> WHERE C.DNO = A.DNUMBER;
+----------+---------+----------------+
| FNAME    | LNAME   | DNAME          |
+----------+---------+----------------+
| JAMES    | BORG    | HEADQUARTERS   |
| JENNIFER | WALLACE | ADMINISTRATION |
| AHMAD    | JABBAR  | ADMINISTRATION |
| ALICIA   | ZELAYA  | ADMINISTRATION |
| JOHN     | SMITH   | RESEARCH       |
| FRANKLIN | SMITH   | RESEARCH       |
| JOYCE    | ENGLISH | RESEARCH       |
| RAMESH   | NARAYAN | RESEARCH       |
+----------+---------+----------------+
8 rows in set (0.03 sec)

mysql> SELECT A.DNAME, B.DLOCATION
    -> FROM DEPARTMENT A, DEPT_LOCATIONS B
    -> WHERE A.DNUMBER = B.DNUMBER;
+----------------+-----------+
| DNAME          | DLOCATION |
+----------------+-----------+
| HEADQUARTERS   | HOUSTON   |
| ADMINISTRATION | STAFFORD  |
| RESEARCH       | BELLAIRE  |
| RESEARCH       | SUGARLAND |
| RESEARCH       | HOUSTON   |
+----------------+-----------+
5 rows in set (0.00 sec)

mysql> SELECT C.FNAME, C.LNAME, A.DNAME, B.DLOCATION
    -> FROM DEPARTMENT A, DEPT_LOCATIONS B, EMPLOYEE C
    -> WHERE A.DNUMBER = B.DNUMBER AND B.DNUMBER = C.DNO;
+----------+---------+----------------+-----------+
| FNAME    | LNAME   | DNAME          | DLOCATION |
+----------+---------+----------------+-----------+
| JAMES    | BORG    | HEADQUARTERS   | HOUSTON   |
| JENNIFER | WALLACE | ADMINISTRATION | STAFFORD  |
| AHMAD    | JABBAR  | ADMINISTRATION | STAFFORD  |
| ALICIA   | ZELAYA  | ADMINISTRATION | STAFFORD  |
| JOHN     | SMITH   | RESEARCH       | BELLAIRE  |
| FRANKLIN | SMITH   | RESEARCH       | BELLAIRE  |
| JOYCE    | ENGLISH | RESEARCH       | BELLAIRE  |
| RAMESH   | NARAYAN | RESEARCH       | BELLAIRE  |
| JOHN     | SMITH   | RESEARCH       | SUGARLAND |
| FRANKLIN | SMITH   | RESEARCH       | SUGARLAND |
| JOYCE    | ENGLISH | RESEARCH       | SUGARLAND |
| RAMESH   | NARAYAN | RESEARCH       | SUGARLAND |
| JOHN     | SMITH   | RESEARCH       | HOUSTON   |
| FRANKLIN | SMITH   | RESEARCH       | HOUSTON   |
| JOYCE    | ENGLISH | RESEARCH       | HOUSTON   |
| RAMESH   | NARAYAN | RESEARCH       | HOUSTON   |
+----------+---------+----------------+-----------+
16 rows in set (0.00 sec)

mysql> SELECT C.FNAME, C.LNAME, C.ADDRESS, A.*, B.*
    -> FROM DEPARTMENT A, DEPT_LOCATIONS B, EMPLOYEE C
    -> WHERE A.DNUMBER = B.DNUMBER AND B.DNUMBER = C.DNO;
+----------+---------+--------------------------+----------------+---------+-----------+----------------+---------+-----------+
| FNAME    | LNAME   | ADDRESS                  | DNAME          | DNUMBER | MGR_SSN   | MGR_START_DATE | DNUMBER | DLOCATION |
+----------+---------+--------------------------+----------------+---------+-----------+----------------+---------+-----------+
| JAMES    | BORG    | 450 STONE, HOUSTON, TX   | HEADQUARTERS   |       1 | 888665555 | 1981-06-19     |       1 | HOUSTON   |
| JENNIFER | WALLACE | 291 BERRY, BELLAIRE, TX  | ADMINISTRATION |       4 | 987654321 | 1995-01-01     |       4 | STAFFORD  |
| AHMAD    | JABBAR  | 980 DALLAS, HOUSTON, TX  | ADMINISTRATION |       4 | 987654321 | 1995-01-01     |       4 | STAFFORD  |
| ALICIA   | ZELAYA  | 3321 CASTLE, SPRING, TX  | ADMINISTRATION |       4 | 987654321 | 1995-01-01     |       4 | STAFFORD  |
| JOHN     | SMITH   | 731 FONDREN, HOUSTON, TX | RESEARCH       |       5 | 333445555 | 1988-05-22     |       5 | BELLAIRE  |
| FRANKLIN | SMITH   | 638 VOSS, HOUSTON, TX    | RESEARCH       |       5 | 333445555 | 1988-05-22     |       5 | BELLAIRE  |
| JOYCE    | ENGLISH | 5631 RICE, HOUSTON, TX   | RESEARCH       |       5 | 333445555 | 1988-05-22     |       5 | BELLAIRE  |
| RAMESH   | NARAYAN | 975 FIRE OAK, HUMBLE, TX | RESEARCH       |       5 | 333445555 | 1988-05-22     |       5 | BELLAIRE  |
| JOHN     | SMITH   | 731 FONDREN, HOUSTON, TX | RESEARCH       |       5 | 333445555 | 1988-05-22     |       5 | SUGARLAND |
| FRANKLIN | SMITH   | 638 VOSS, HOUSTON, TX    | RESEARCH       |       5 | 333445555 | 1988-05-22     |       5 | SUGARLAND |
| JOYCE    | ENGLISH | 5631 RICE, HOUSTON, TX   | RESEARCH       |       5 | 333445555 | 1988-05-22     |       5 | SUGARLAND |
| RAMESH   | NARAYAN | 975 FIRE OAK, HUMBLE, TX | RESEARCH       |       5 | 333445555 | 1988-05-22     |       5 | SUGARLAND |
| JOHN     | SMITH   | 731 FONDREN, HOUSTON, TX | RESEARCH       |       5 | 333445555 | 1988-05-22     |       5 | HOUSTON   |
| FRANKLIN | SMITH   | 638 VOSS, HOUSTON, TX    | RESEARCH       |       5 | 333445555 | 1988-05-22     |       5 | HOUSTON   |
| JOYCE    | ENGLISH | 5631 RICE, HOUSTON, TX   | RESEARCH       |       5 | 333445555 | 1988-05-22     |       5 | HOUSTON   |
| RAMESH   | NARAYAN | 975 FIRE OAK, HUMBLE, TX | RESEARCH       |       5 | 333445555 | 1988-05-22     |       5 | HOUSTON   |
+----------+---------+--------------------------+----------------+---------+-----------+----------------+---------+-----------+
16 rows in set (0.00 sec)

mysql>